<annotation>
	<folder>images</folder>
	<filename>img (6).jpg</filename>
	<path>C:\images\img (6).jpg</path>
	<source>
		<database>Unknown</database>
	</source>
	<size>
		<width>672</width>
		<height>1396</height>
		<depth>3</depth>
	</size>
	<segmented>0</segmented>
	<object>
		<name>normal</name>
		<pose>Unspecified</pose>
		<truncated>0</truncated>
		<difficult>0</difficult>
		<bndbox>
			<xmin>141</xmin>
			<ymin>348</ymin>
			<xmax>275</xmax>
			<ymax>516</ymax>
		</bndbox>
	</object>
</annotation>
