<annotation>
	<folder>images</folder>
	<filename>img (8).jpg</filename>
	<path>C:\images\img (8).jpg</path>
	<source>
		<database>Unknown</database>
	</source>
	<size>
		<width>539</width>
		<height>960</height>
		<depth>3</depth>
	</size>
	<segmented>0</segmented>
	<object>
		<name>normal</name>
		<pose>Unspecified</pose>
		<truncated>0</truncated>
		<difficult>0</difficult>
		<bndbox>
			<xmin>246</xmin>
			<ymin>540</ymin>
			<xmax>470</xmax>
			<ymax>751</ymax>
		</bndbox>
	</object>
</annotation>
