<annotation>
	<folder>images</folder>
	<filename>img (10).jpg</filename>
	<path>C:\images\img (10).jpg</path>
	<source>
		<database>Unknown</database>
	</source>
	<size>
		<width>672</width>
		<height>1396</height>
		<depth>3</depth>
	</size>
	<segmented>0</segmented>
	<object>
		<name>normal</name>
		<pose>Unspecified</pose>
		<truncated>0</truncated>
		<difficult>0</difficult>
		<bndbox>
			<xmin>67</xmin>
			<ymin>16</ymin>
			<xmax>567</xmax>
			<ymax>834</ymax>
		</bndbox>
	</object>
</annotation>
