<annotation>
	<folder>images</folder>
	<filename>img (11).jpg</filename>
	<path>C:\images\img (11).jpg</path>
	<source>
		<database>Unknown</database>
	</source>
	<size>
		<width>720</width>
		<height>960</height>
		<depth>3</depth>
	</size>
	<segmented>0</segmented>
	<object>
		<name>normal</name>
		<pose>Unspecified</pose>
		<truncated>0</truncated>
		<difficult>0</difficult>
		<bndbox>
			<xmin>104</xmin>
			<ymin>312</ymin>
			<xmax>381</xmax>
			<ymax>674</ymax>
		</bndbox>
	</object>
</annotation>
