<annotation>
	<folder>images</folder>
	<filename>img (9).jpg</filename>
	<path>C:\images\img (9).jpg</path>
	<source>
		<database>Unknown</database>
	</source>
	<size>
		<width>784</width>
		<height>1396</height>
		<depth>3</depth>
	</size>
	<segmented>0</segmented>
	<object>
		<name>normal</name>
		<pose>Unspecified</pose>
		<truncated>0</truncated>
		<difficult>0</difficult>
		<bndbox>
			<xmin>315</xmin>
			<ymin>601</ymin>
			<xmax>591</xmax>
			<ymax>850</ymax>
		</bndbox>
	</object>
</annotation>
