<annotation>
	<folder>images</folder>
	<filename>img (5).jpg</filename>
	<path>C:\images\img (5).jpg</path>
	<source>
		<database>Unknown</database>
	</source>
	<size>
		<width>1396</width>
		<height>785</height>
		<depth>3</depth>
	</size>
	<segmented>0</segmented>
	<object>
		<name>normal</name>
		<pose>Unspecified</pose>
		<truncated>0</truncated>
		<difficult>0</difficult>
		<bndbox>
			<xmin>326</xmin>
			<ymin>138</ymin>
			<xmax>754</xmax>
			<ymax>609</ymax>
		</bndbox>
	</object>
</annotation>
