<annotation>
	<folder>images</folder>
	<filename>img (3).jpg</filename>
	<path>C:\images\img (3).jpg</path>
	<source>
		<database>Unknown</database>
	</source>
	<size>
		<width>1041</width>
		<height>1280</height>
		<depth>3</depth>
	</size>
	<segmented>0</segmented>
	<object>
		<name>normal</name>
		<pose>Unspecified</pose>
		<truncated>1</truncated>
		<difficult>0</difficult>
		<bndbox>
			<xmin>328</xmin>
			<ymin>91</ymin>
			<xmax>1041</xmax>
			<ymax>705</ymax>
		</bndbox>
	</object>
</annotation>
