<annotation>
	<folder>images</folder>
	<filename>img (1).jpg</filename>
	<path>C:\images\img (1).jpg</path>
	<source>
		<database>Unknown</database>
	</source>
	<size>
		<width>1157</width>
		<height>469</height>
		<depth>3</depth>
	</size>
	<segmented>0</segmented>
	<object>
		<name>normal</name>
		<pose>Unspecified</pose>
		<truncated>0</truncated>
		<difficult>0</difficult>
		<bndbox>
			<xmin>13</xmin>
			<ymin>24</ymin>
			<xmax>93</xmax>
			<ymax>119</ymax>
		</bndbox>
	</object>
	<object>
		<name>normal</name>
		<pose>Unspecified</pose>
		<truncated>0</truncated>
		<difficult>0</difficult>
		<bndbox>
			<xmin>158</xmin>
			<ymin>24</ymin>
			<xmax>353</xmax>
			<ymax>174</ymax>
		</bndbox>
	</object>
	<object>
		<name>normal</name>
		<pose>Unspecified</pose>
		<truncated>0</truncated>
		<difficult>0</difficult>
		<bndbox>
			<xmin>838</xmin>
			<ymin>129</ymin>
			<xmax>1078</xmax>
			<ymax>374</ymax>
		</bndbox>
	</object>
</annotation>
