<annotation>
	<folder>images</folder>
	<filename>img (4).jpg</filename>
	<path>C:\images\img (4).jpg</path>
	<source>
		<database>Unknown</database>
	</source>
	<size>
		<width>960</width>
		<height>720</height>
		<depth>3</depth>
	</size>
	<segmented>0</segmented>
	<object>
		<name>normal</name>
		<pose>Unspecified</pose>
		<truncated>0</truncated>
		<difficult>0</difficult>
		<bndbox>
			<xmin>384</xmin>
			<ymin>172</ymin>
			<xmax>685</xmax>
			<ymax>328</ymax>
		</bndbox>
	</object>
</annotation>
