<annotation>
	<folder>images</folder>
	<filename>img (12).jpg</filename>
	<path>C:\images\img (12).jpg</path>
	<source>
		<database>Unknown</database>
	</source>
	<size>
		<width>464</width>
		<height>960</height>
		<depth>3</depth>
	</size>
	<segmented>0</segmented>
	<object>
		<name>normal</name>
		<pose>Unspecified</pose>
		<truncated>0</truncated>
		<difficult>0</difficult>
		<bndbox>
			<xmin>101</xmin>
			<ymin>105</ymin>
			<xmax>390</xmax>
			<ymax>857</ymax>
		</bndbox>
	</object>
</annotation>
